,Commune_Code_INSEE,Year,Number_of_Taxpayers,Average_Assets_in_Euro,Average_Tax_in_Euro
713,34003,2019,0.006423982869379015,0.14498085917675596,0.13392070484581498
562,34003,2020,0.01605995717344754,0.16245078990161244,0.14546719220959886
255,34003,2021,0.0139186295503212,0.17255913636686004,0.15914676559239505
166,34003,2022,0.02676659528907923,0.14064770473588883,0.1326223046603292
681,13001,2019,0.8822269807280515,0.18094277167972994,0.1592395084627869
588,13001,2020,0.9036402569593148,0.22756278547138342,0.19489914212844883
224,13001,2021,0.9528907922912206,0.20395400971451483,0.17426385346626477
59,13001,2022,0.9967880085653107,0.24429333871184344,0.18914908416415488
773,73008,2019,0.01820128479657388,0.0524203547100609,0.07164386737769535
426,73008,2020,0.017130620985010704,0.11052737733752693,0.10099698585671224
306,73008,2021,0.02890792291220557,0.08277808766803874,0.08666821238117317
148,73008,2022,0.042826552462526764,0.15317034502773674,0.15093902156271732
623,2A004,2019,0.11777301927194861,0.28896833703944214,0.26176675168096447
437,2A004,2020,0.11884368308351179,0.31825372115610484,0.28462786923255273
240,2A004,2021,0.1434689507494647,0.2947968447191599,0.2668676095525156
47,2A004,2022,0.1498929336188437,0.27626512768847966,0.255182007883144
781,81004,2019,0.014989293361884364,0.03706645192864355,0.04711337815905403
568,81004,2020,0.01177730192719486,0.06787988284639213,0.06297240899605844
342,81004,2021,0.014989293361884364,0.09632831176983336,0.08444238349176908
165,81004,2022,0.014989293361884364,0.14093088128263387,0.1337815905402272
125,13002,2022,0.0,0.17526918118721901,0.22615348945049846
690,80021,2019,0.11670235546038546,0.17288154518828736,0.1533967076281011
537,80021,2020,0.12205567451820129,0.13753225974381322,0.1197774171110596
341,80021,2021,0.12419700214132764,0.16179289483386394,0.1394852770693253
122,80021,2022,0.12633832976445397,0.18001678940165255,0.14922327846046834
779,49007,2019,0.11670235546038546,0.0469625417283025,0.058149779735682805
573,49007,2020,0.1145610278372591,0.05762617577366802,0.06445629492232785
271,49007,2021,0.13490364025695933,0.08413562496762095,0.08189195455599352
137,49007,2022,0.1809421841541756,0.16451098730031155,0.13257593322513328
717,64024,2019,0.14882226980728053,0.11282900411888586,0.13266867609552513
553,64024,2020,0.1670235546038544,0.11747048400052507,0.11574310224901457
290,64024,2021,0.21520342612419704,0.16083421899355133,0.16257825179689311
171,64024,2022,0.27301927194860814,0.13389321477809368,0.13076744725249245
749,74010,2019,0.45503211991434694,0.07711556268889963,0.09418038488291208
414,74010,2020,0.4882226980728051,0.08692363135946357,0.09496869928124274
308,74010,2021,0.5364025695931478,0.1011377862635735,0.10428935775562254
188,74010,2022,0.6113490364025697,0.10703520191292559,0.10693252956178995
679,06004,2019,0.3929336188436831,0.17854809399047056,0.16081613725944816
577,06004,2020,0.3811563169164882,0.1741078052610482,0.1539067934152562
211,06004,2021,0.4057815845824411,0.20767252518536006,0.17523765360537907
74,06004,2022,0.4079229122055675,0.23082359107093542,0.20245768606538372
776,92002,2019,0.20342612419700215,0.06393905115234755,0.06951078135868305
449,92002,2020,0.22055674518201288,0.09189405877497736,0.09575701367957334
360,92002,2021,0.25481798715203424,0.08657607364400943,0.08917226988175281
191,92002,2022,0.278372591006424,0.10072635035729027,0.09974495710642245
786,13004,2019,0.01820128479657388,0.018325999077538624,0.0372362624623232
589,13004,2020,0.023554603854389726,0.05035412157679542,0.06492000927428704
225,13004,2021,0.027837259100642393,0.05981513550978568,0.06464178066311149
202,13004,2022,0.032119914346895075,0.0719343875414391,0.06663575237653602
288,62041,2021,0.0,0.02608745075217833,0.03987943426849061
208,62041,2022,0.0010706638115631703,0.05436436421835478,0.0702063528866218
639,92004,2019,0.27516059957173444,0.21107164970206116,0.21293763041966146
450,92004,2020,0.29978586723768735,0.189957141254799,0.16327382332483187
361,92004,2021,0.3169164882226981,0.20339821915651612,0.1570136795733828
71,92004,2022,0.37901498929336186,0.23159365020604483,0.1748203106886158
740,13005,2019,0.03104925053533191,0.2163504025583468,0.10503130071875721
590,13005,2020,0.03104925053533191,0.11309357048405089,0.12005564572223515
226,13005,2021,0.02676659528907923,0.06913179479106046,0.06760955251565032
192,13005,2022,0.03319057815845825,0.09995226739913654,0.10985392997913285
752,93005,2019,0.0,0.10357773196208153,0.08921864131694873
388,93005,2021,0.0021413276231263406,0.15335292599837336,0.14491073498724782
162,93005,2022,0.0010706638115631703,0.14306602238553368,0.12636216090888014
762,84007,2019,0.04603854389721628,0.1184346925975236,0.08091815441687916
602,84007,2020,0.04603854389721628,0.0990242732095371,0.08532344076049153
351,84007,2021,0.049250535331905786,0.08112681128622012,0.07317412473916068
189,84007,2022,0.05246252676659529,0.10298874486396714,0.0944122420588917
654,2B033,2019,0.008565310492505356,0.1827846766782738,0.19100394157199163
438,2B033,2020,0.010706638115631696,0.20509677545910565,0.20449802921400417
241,2B033,2021,0.010706638115631696,0.20115745269870267,0.19744957106422445
73,2B033,2022,0.01177730192719486,0.23097297550145635,0.2321354045907721
719,64102,2019,0.06745182012847967,0.11977764353857012,0.12914444702063527
554,64102,2020,0.08351177730192721,0.11981939070265513,0.11495478785068397
291,64102,2021,0.0877944325481799,0.1788428390284681,0.1426385346626478
110,64102,2022,0.09957173447537473,0.18917601660631778,0.1682819383259912
233,21054,2021,0.0010706638115631703,0.25824695107383266,0.18896359842337118
37,21054,2022,0.0,0.2933301612195002,0.20834685833526545
605,60057,2019,0.010706638115631696,0.5346966716444711,0.47322049617435663
535,60057,2020,0.010706638115631696,0.6149301942148492,0.3753767679109668
286,60057,2021,0.010706638115631696,0.6519704912937044,0.3777417111059587
2,60057,2022,0.012847965738758037,0.6189580410822274,0.40306051472293064
771,25056,2019,0.049250535331905786,0.06898492524994237,0.07516809645258521
429,25056,2020,0.04603854389721628,0.10348669296570356,0.08773475539067932
235,25056,2021,0.05460385438972163,0.10983427381814026,0.10985392997913285
167,25056,2022,0.05888650963597431,0.13670888495336653,0.12497101785300252
651,34032,2019,0.029978586723768734,0.22766639891477503,0.19772779967539994
563,34032,2020,0.02462526766595289,0.23257948685190677,0.1968467424066775
256,34032,2021,0.02890792291220557,0.21230796933243268,0.21553443079063295
88,34032,2022,0.03961456102783726,0.21594952918755494,0.23357291908184558
644,64122,2019,0.2259100642398287,0.20670026894227267,0.20468351495478782
555,64122,2020,0.2376873661670236,0.19151134290567307,0.15395316485045213
292,64122,2021,0.30085653104925053,0.21625030996011885,0.16893113841873403
66,64122,2022,0.37901498929336186,0.23948637910750603,0.18942731277533037
785,92009,2019,0.07708779443254818,0.04867518141154714,0.03872014838859261
451,92009,2020,0.0877944325481799,0.09637458573484314,0.06872246696035239
362,92009,2021,0.1081370449678801,0.09742279163789214,0.07238581034083003
199,92009,2022,0.13062098501070665,0.08934295496486955,0.064363552051936
631,92014,2019,0.1145610278372591,0.23759166143150534,0.2298168328309761
453,92014,2020,0.11884368308351179,0.2421159474669784,0.2043589149084164
364,92014,2021,0.13918629550321202,0.23273239212759156,0.18265708323672614
61,92014,2022,0.14453961456102785,0.24385172413272793,0.20528634361233478
174,18033,2022,0.0010706638115631703,0.12784691767610135,0.12932993276141896
633,29019,2019,0.02676659528907923,0.2635116205494631,0.22337120333874333
430,29019,2020,0.03104925053533191,0.2921853835633871,0.24280083468583352
239,29019,2021,0.029978586723768734,0.3116144131329538,0.2920936702990958
28,29019,2022,0.044967880085653104,0.31971487189907866,0.28388592626941805
606,19031,2019,0.007494646680942185,0.44519376971358937,0.45977277996754
542,19031,2020,0.008565310492505356,0.4685269135919211,0.46292603756086254
232,19031,2021,0.008565310492505356,0.5116799008530003,0.43667980523997213
12,19031,2022,0.01605995717344754,0.4661961140934906,0.42072803153257593
758,69029,2019,0.0139186295503212,0.09022316625581761,0.08657546951078132
419,69029,2020,0.012847965738758037,0.07294487010344752,0.08203106886158124
298,69029,2021,0.01605995717344754,0.10529640737989265,0.09394852770693252
193,69029,2022,0.020342612419700222,0.09920132142348781,0.08722466960352421
664,91114,2019,0.005353319057815845,0.19247404256903,0.181034083004869
446,91114,2020,0.008565310492505356,0.15869103024456288,0.1444006492000927
356,91114,2021,0.008565310492505356,0.259896215544129,0.27220032460004634
102,91114,2022,0.0139186295503212,0.2022368432303453,0.19902619986088566
787,94016,2019,0.0,0.03463505685410473,0.03519591931370275
501,94016,2020,0.0,0.07538431282407498,0.060421980060282876
393,94016,2021,0.009635974304068519,0.0918588503233394,0.07609552515650359
187,94016,2022,0.010706638115631696,0.10844907273512827,0.07924878274982611
666,14118,2019,0.1563169164882227,0.1809603759055488,0.17853002550428937
538,14118,2020,0.15203426124197003,0.17702407101242923,0.17370739624391374
230,14118,2021,0.1734475374732334,0.20304110486133153,0.18993739856248548
92,14118,2022,0.19700214132762314,0.21263490495478476,0.20069557152793877
741,06027,2019,0.10920770877944327,0.0860912029671671,0.1048921864131695
578,06027,2020,0.11027837259100642,0.11335863982709637,0.12339438905634126
212,06027,2021,0.11670235546038546,0.10431710944647798,0.11050313007187573
86,06027,2022,0.11777301927194861,0.21787744340367154,0.1414792487827498
694,69034,2019,0.16809421841541758,0.19706371572897352,0.14903779271968465
420,69034,2020,0.1745182012847966,0.21848101686032162,0.17843728263389752
299,69034,2021,0.19379014989293364,0.28923592127189035,0.23858103408300485
35,69034,2022,0.23126338329764454,0.3023324593254363,0.18887085555297933
614,06029,2019,0.6156316916488224,0.4715679178576765,0.3329932761418966
579,06029,2020,0.6498929336188437,0.5376561934935787,0.3415719916531416
213,06029,2021,0.6563169164882228,0.5004267767316398,0.32242058891722697
4,06029,2022,0.7023554603854391,0.6095835393446903,0.34106190586598656
352,84031,2021,0.0021413276231263406,0.09771351285284535,0.08504521214931599
206,84031,2022,0.008565310492505356,0.060950859564049,0.06394620913517274
77,44026,2022,0.007494646680942185,0.23043730405867946,0.20370971481567351
564,34057,2020,0.049250535331905786,0.18437358380290514,0.18386274055182006
257,34057,2021,0.05460385438972163,0.22973112311439892,0.27359146765592396
41,34057,2022,0.055674518201284794,0.28718025067411623,0.29478321354045905
85,85047,2022,0.003211991434689511,0.21936474899643355,0.219522374217482
768,73065,2019,0.06316916488222699,0.08151158936483449,0.07744029677718522
427,73065,2020,0.06316916488222699,0.1266141188908937,0.12353350336192903
307,73065,2021,0.07066381156316917,0.08397366609008639,0.05040575005796427
183,73065,2022,0.07815845824411136,0.11359503943095095,0.09357755622536518
686,94017,2019,0.012847965738758037,0.14241818687539587,0.15576165082309296
502,94017,2020,0.01177730192719486,0.1373803604238898,0.1491305355900765
394,94017,2021,0.020342612419700222,0.14888245859611826,0.14806399258057035
129,94017,2022,0.02676659528907923,0.1682551546430643,0.16025968003709712
724,94018,2019,0.15845824411134904,0.14818331934216544,0.12283793183399022
503,94018,2020,0.17130620985010708,0.14794842867195224,0.12320890331555762
395,94018,2021,0.18950749464668096,0.16059631045605516,0.13364247623463943
128,94018,2022,0.20770877944325486,0.1727236101337971,0.13698121956874565
636,28085,2019,0.03961456102783726,0.22189020093463363,0.2180848597264085
434,28085,2020,0.03533190578158458,0.2760589067574576,0.25355900765128675
238,28085,2021,0.03747323340471092,0.24282212841125894,0.2175747739392534
55,28085,2022,0.04817987152034261,0.2536245843516539,0.24242986320426618
674,92019,2019,0.05353319057815847,0.1583062521659485,0.16707628101089728
454,92019,2020,0.06316916488222699,0.12480742234398778,0.11875724553674932
365,92019,2021,0.06745182012847967,0.14732875992312489,0.1405054486436355
157,92019,2022,0.08029978586723771,0.14671160606370026,0.12877347553906793
656,92020,2019,0.04068522483940044,0.17570777789905134,0.1860885694412242
455,92020,2020,0.04389721627408994,0.16509393866385935,0.17356828193832596
366,92020,2021,0.051391862955032126,0.19074379865996638,0.19652214236030602
96,92020,2022,0.06531049250535331,0.20782995726196962,0.20635288662184093
745,78146,2019,0.19379014989293364,0.1278102002908218,0.09580338511476927
517,78146,2020,0.18308351177730195,0.13329768896753225,0.09784372826338972
334,78146,2021,0.20449678800856533,0.13113337514756107,0.0893577556225365
158,78146,2022,0.23661670235546042,0.1456367423329824,0.0934384419197774
788,92022,2019,0.06102783725910065,0.013149350731002984,0.032877347553906755
456,92022,2020,0.06531049250535331,0.05282877274906084,0.062044980292140006
367,92022,2021,0.07173447537473235,0.06219572981838983,0.06492000927428704
205,92022,2022,0.09850107066381159,0.06654900337447867,0.06376072339438904
772,92023,2019,0.21413276231263387,0.08773292276925548,0.07192209598887084
457,92023,2020,0.22483940042826553,0.10876796071139194,0.08583352654764664
368,92023,2021,0.26017130620985013,0.11922034404692983,0.0967308138186877
177,92023,2022,0.3019271948608137,0.12492562214591485,0.09645258520751215
780,63113,2019,0.059957173447537475,0.05218345212832576,0.04882912126130301
418,63113,2020,0.06745182012847967,0.06156097173314612,0.06376072339438904
289,63113,2021,0.06852248394004284,0.08475579669432876,0.09232552747507533
169,63113,2022,0.08137044967880086,0.13638697910981967,0.12218873174124739
725,92024,2019,0.0010706638115631703,0.12511574778475965,0.12260607465801066
369,92024,2021,0.008565310492505356,0.22188265626642545,0.1793647113378159
127,92024,2022,0.01177730192719486,0.1730364623754942,0.16753999536285646
619,68066,2019,0.036402569593147756,0.3552261162210869,0.2880593554370508
440,68066,2020,0.0417558886509636,0.336990653162046,0.27335961047994434
296,68066,2021,0.042826552462526764,0.28567986765646014,0.26853698121956876
48,68066,2022,0.04603854389721628,0.2732975581932834,0.2705309529329933
757,92025,2019,0.14025695931477516,0.09669045584382341,0.08708555529793643
458,92025,2020,0.15096359743040685,0.10768957613551022,0.0837931833990262
370,92025,2021,0.19057815845824413,0.10691951700040081,0.08629724089960583
155,92025,2022,0.20449678800856533,0.14792780657885019,0.1198701599814514
624,60159,2019,0.05353319057815847,0.4224340206190752,0.2606074658010665
536,60159,2020,0.05246252676659529,0.48208719725132665,0.44349640621377234
287,60159,2021,0.05674518201284797,0.49092552456820615,0.3041502434500348
13,60159,2022,0.06745182012847967,0.4503588495688725,0.3510781358683051
754,92026,2019,0.31905781584582443,0.09773011112290308,0.08801298400185487
459,92026,2020,0.3490364025695932,0.10601365383754524,0.09436587062369578
371,92026,2021,0.3929336188436831,0.1226763050641323,0.10377927196846742
179,92026,2022,0.43040685224839403,0.12116737142250689,0.09895664270809179
753,94028,2019,0.027837259100642393,0.08593125600115481,0.08898678414096917
504,94028,2020,0.02890792291220557,0.07746010253707081,0.07693021099003011
396,94028,2021,0.023554603854389726,0.11018484940087803,0.10697890099698582
181,94028,2022,0.032119914346895075,0.1175363741028762,0.1064688152098307
765,59163,2019,0.036402569593147756,0.16892411522418482,0.07827498261071181
528,59163,2020,0.0417558886509636,0.16840101822842135,0.0946904706700672
279,59163,2021,0.047109207708779445,0.25784255685787716,0.15135636447948064
69,59163,2022,0.06423982869379016,0.23292855350100272,0.10484581497797357
689,21231,2019,0.13169164882226983,0.1714540939633099,0.1541850220264317
428,21231,2020,0.13383297644539616,0.17958674331378932,0.15084627869232553
234,21231,2021,0.1466809421841542,0.184100466813771,0.17435659633665662
138,21231,2022,0.15952890792291222,0.16404271489352718,0.14551356364479479
652,83050,2019,0.021413276231263385,0.17519222557149605,0.19299791328541616
595,83050,2020,0.020342612419700222,0.1678346651349315,0.1987943426849061
344,83050,2021,0.020342612419700222,0.11098760209822267,0.12390447484349637
182,83050,2022,0.01820128479657388,0.11463922151095562,0.1450498492928356
742,59183,2019,0.0021413276231263406,0.09766120315326898,0.1025736146533735
529,59183,2020,0.008565310492505356,0.11600581241238739,0.11968467424066775
280,59183,2021,0.014989293361884364,0.10104875917871758,0.10823092974727566
132,59183,2022,0.008565310492505356,0.16685788209091934,0.16030605147229304
247,33162,2021,0.0010706638115631703,0.1225897928686791,0.12673313239044748
197,33162,2022,0.006423982869379015,0.09410263464843605,0.10530952932993276
760,92032,2019,0.02462526766595289,0.07858576703372322,0.08481335497333642
460,92032,2020,0.027837259100642393,0.09390647327502488,0.09190818455831207
372,92032,2021,0.04068522483940044,0.10091999684129893,0.09413401344771621
196,92032,2022,0.04603854389721628,0.09674980723372728,0.08189195455599352
657,94033,2019,0.23554603854389725,0.2508662536547631,0.18604219800602828
505,94033,2020,0.23447537473233407,0.2625081796777823,0.1971713424530489
397,94033,2021,0.2398286937901499,0.2601522312853247,0.17514491073498722
29,94033,2022,0.25481798715203424,0.3174771233085484,0.20881057268722464
718,83061,2019,0.09743040685224841,0.12089173954397003,0.1294226756318108
596,83061,2020,0.09957173447537473,0.18449429849423515,0.12761418965916993
345,83061,2021,0.09314775160599573,0.08070984262325098,0.0955715279387897
180,83061,2022,0.1049250535331906,0.11857401747043383,0.12682587526083933
663,05061,2019,0.006423982869379015,0.20268097269886376,0.18210062601437516
594,05061,2020,0.006423982869379015,0.19720253762400286,0.14036633433804774
210,05061,2021,0.014989293361884364,0.2189563309574335,0.12497101785300252
87,05061,2022,0.021413276231263385,0.21706614008235758,0.1364247623463946
759,91272,2019,0.05032119914346895,0.09702996591318913,0.08592626941803849
447,91272,2020,0.05246252676659529,0.11664912112160042,0.09566427080918155
357,91272,2021,0.057815845824411134,0.12232874734867794,0.09960584280083468
151,91272,2022,0.07173447537473235,0.15048192825624118,0.11393461627637375
706,33192,2019,0.019271948608137045,0.15311149661571333,0.13920704845814974
546,33192,2020,0.021413276231263385,0.2153112502571476,0.1692557384651055
248,33192,2021,0.025695931477516067,0.2707147667767015,0.2038952005564572
26,33192,2022,0.03104925053533191,0.32160958957507935,0.22661720380245765
669,06069,2019,0.07815845824411136,0.16462214541191134,0.17162068166009736
581,06069,2020,0.08029978586723771,0.4895770408704737,0.6122884303269187
215,06069,2021,0.07922912205567453,0.556250279781446,0.21984697426385347
107,06069,2022,0.07708779443254818,0.1971788976636174,0.18432645490377925
695,38185,2019,0.1359743040685225,0.16809872852221586,0.1479712497101785
416,38185,2020,0.12955032119914348,0.16309611052234751,0.15557616508230926
263,38185,2021,0.13169164882226983,0.19697066482107328,0.1357291908184558
82,38185,2022,0.13276231263383298,0.22248723567883666,0.1656851379550197
249,33199,2021,0.0021413276231263406,0.09925715196822804,0.12024113146301879
201,33199,2022,0.01820128479657388,0.07705872618839849,0.0936239276605611
744,83069,2019,0.17880085653104927,0.12448803138984366,0.10025504289357756
597,83069,2020,0.19700214132762314,0.09945884609832512,0.09158358451194065
346,83069,2021,0.1991434689507495,0.14328632669721098,0.11319267331323901
133,83069,2022,0.21520342612419704,0.16644191938371133,0.12956178993739853
764,92040,2019,0.31798715203426126,0.09812042195820359,0.08012984001854856
462,92040,2020,0.35224839400428265,0.10177153839305608,0.08894041270577324
374,92040,2021,0.4261241970021413,0.11359101560790663,0.0955715279387897
185,92040,2022,0.4850107066381157,0.11193470944728279,0.09288198469742637
728,94038,2019,0.005353319057815845,0.10053773365208729,0.11787618826802687
506,94038,2020,0.006423982869379015,0.0767574424379539,0.09728727104103868
398,94038,2021,0.010706638115631696,0.06709423139698589,0.08550892650127517
207,94038,2022,0.0139186295503212,0.06026328880134846,0.09167632738233245
750,78126,2019,0.14775160599571735,0.13773093600662734,0.089635984233712
516,78126,2020,0.15417558886509639,0.23024315459679034,0.09348481335497333
333,78126,2021,0.16488222698072807,0.12522690589635943,0.07920241131463018
150,78126,2022,0.1777301927194861,0.15136666634811402,0.10248087178298165
700,13028,2019,0.04817987152034261,0.12396342546043859,0.14259216322745188
591,13028,2020,0.05246252676659529,0.12914711549730173,0.13461627637375373
227,13028,2021,0.062098501070663815,0.15072989635134826,0.15140273591467657
141,13028,2022,0.07601713062098503,0.16236125983887606,0.1664270809181544
730,92035,2019,0.09850107066381159,0.12304196998328598,0.1145374449339207
461,92035,2020,0.12205567451820129,0.18315738328775522,0.17672153953164849
373,92035,2021,0.1359743040685225,0.17531495217434834,0.15464873637839088
117,92035,2022,0.1531049250535332,0.1842548810230974,0.17352191050313004
630,59368,2019,0.0021413276231263406,0.3511565221896237,0.23649431949918848
532,59368,2020,0.003211991434689511,0.2646443267364432,0.1692557384651055
283,59368,2021,0.007494646680942185,0.28075169038291203,0.2999304428472061
22,59368,2022,0.0139186295503212,0.32853760690166134,0.19499188499884068
734,17300,2019,0.1809421841541756,0.12065835780739864,0.11184790169255737
541,17300,2020,0.19807280513918632,0.12824477317961003,0.11110595872942264
231,17300,2021,0.23233404710920771,0.1481058607485618,0.13062833294690468
136,17300,2022,0.27194860813704497,0.16543696957838894,0.12835613262230466
748,83126,2019,0.008565310492505356,0.04590226435612044,0.09445861349408763
599,83126,2020,0.003211991434689511,0.06727681236762251,0.11987015998145134
348,83126,2021,0.010706638115631696,0.012740429714122481,0.059216322745188954
209,83126,2022,0.0139186295503212,0.027359984789948943,0.05768606538372362
685,33529,2019,0.15524625267665954,0.21809422687018498,0.1568281938325991
551,33529,2020,0.15417558886509639,0.23963576353802696,0.18145142592163227
254,33529,2021,0.19593147751605997,0.22537835253619065,0.20565731509390212
80,33529,2022,0.24732334047109208,0.2251655928927213,0.1676327382332483
660,59328,2019,0.009635974304068519,0.26718486801105945,0.18372362624623229
530,59328,2020,0.020342612419700222,0.3144622738925812,0.17454208207744026
281,59328,2021,0.04068522483940044,0.29766583054977,0.2077904011129144
50,59328,2022,0.04389721627408994,0.2652594686843458,0.17797356828193833
618,53130,2019,0.01605995717344754,0.32547648352068437,0.29492232784604683
574,53130,2020,0.017130620985010704,0.3085477569952907,0.236216090888013
273,53130,2021,0.021413276231263385,0.25859853261233134,0.20927428703918383
43,53130,2022,0.03104925053533191,0.2834114374152169,0.23023417574773936
621,33069,2019,0.13918629550321202,0.29854956268588173,0.27159749594249943
545,33069,2020,0.1563169164882227,0.319479478250985,0.2830512404358915
246,33069,2021,0.17558886509635976,0.31136443312632445,0.294829584975655
38,33069,2022,0.22269807280513923,0.2902977075777139,0.2652909807558544
642,06030,2019,0.11884368308351179,0.2438074620792402,0.20857871551124507
580,06030,2020,0.1145610278372591,0.23826665774719225,0.21015534430790633
214,06030,2021,0.11241970021413278,0.3284299696352254,0.29654532807790396
24,06030,2022,0.1145610278372591,0.3246536117081179,0.28870855552979363
783,78158,2019,0.23554603854389725,0.06274296975241922,0.04076049153721306
518,78158,2020,0.2880085653104925,0.10600258832417342,0.07475075353582189
335,78158,2021,0.32548179871520344,0.15450474534481395,0.11156967308138183
144,78158,2022,0.3511777301927195,0.15776555094436617,0.11750521678645953
1,97113,2022,0.006423982869379015,0.7181613744172374,0.5074426153489451
655,76351,2019,0.055674518201284794,0.18608370859674717,0.18965916995131
539,76351,2020,0.04817987152034261,0.17692196650267922,0.16735450962207277
330,76351,2021,0.06531049250535331,0.1811203228715611,0.17380013911430559
131,76351,2022,0.07173447537473235,0.16702185287997595,0.1606306515186645
716,72181,2019,0.1113490364025696,0.14469768263001093,0.13285416183630883
575,72181,2020,0.1145610278372591,0.17140480213101672,0.15140273591467657
305,72181,2021,0.11991434689507496,0.1941268278844902,0.1649895664270809
109,72181,2022,0.13062098501070665,0.19295136857766415,0.17027591003941572
710,94058,2019,0.13383297644539616,0.16661393781885658,0.1363783909111987
509,94058,2020,0.13062098501070665,0.14125530201558323,0.10651518664502663
401,94058,2021,0.15417558886509639,0.16603098645530878,0.14722930674704382
139,94058,2022,0.16274089935760172,0.1636695053061653,0.14055182007883144
756,92060,2019,0.010706638115631696,0.13433734424661214,0.0874101553443079
469,92060,2020,0.020342612419700222,0.1618582819583344,0.11472293067470435
381,92060,2021,0.021413276231263385,0.19466853506183368,0.15168096452585206
116,92060,2022,0.025695931477516067,0.1854685666488446,0.137352191050313
497,93045,2020,0.0,0.09770295031735399,0.08620449802921398
389,93045,2021,0.0021413276231263406,0.05382114810736971,0.06162763737537674
27,93045,2022,0.007494646680942185,0.32083902746208925,0.395409227915604
687,85194,2019,0.07922912205567453,0.15208290685000547,0.15552979364711333
576,85194,2020,0.08565310492505354,0.16810174638949904,0.1687920241131463
353,85194,2021,0.10706638115631692,0.178908729130819,0.170693252956179
160,85194,2022,0.15203426124197003,0.14385368574646196,0.1424530489218641
647,92044,2019,0.5802997858672377,0.235840292451459,0.20013911430558773
463,92044,2020,0.6231263383297645,0.24341765422182038,0.1851147693021099
375,92044,2021,0.6670235546038544,0.253800123631963,0.18659865522837932
57,92044,2022,0.7291220556745183,0.2515442678377334,0.18372362624623229
643,59350,2019,0.24839400428265526,0.2689578650399692,0.2060282865754695
531,59350,2020,0.2708779443254818,0.280215012984374,0.23927660561094366
282,59350,2021,0.29336188436830835,0.21315096026022073,0.14351959193137026
39,59350,2022,0.3372591006423983,0.28867258604568347,0.19800602828657543
640,87085,2019,0.08565310492505354,0.22764477086591162,0.20978437282633894
552,87085,2020,0.0942184154175589,0.2285018451743549,0.2103872014838859
355,87085,2021,0.09314775160599573,0.2718273538484598,0.26779503825643397
63,87085,2022,0.1049250535331906,0.24244640393449413,0.23565963366566195
731,94046,2019,0.06316916488222699,0.12522036718391238,0.11388824484117782
507,94046,2020,0.07173447537473235,0.14096105995546637,0.1259911894273128
399,94046,2021,0.08029978586723771,0.15786966736563823,0.13846510549501506
135,94046,2022,0.0910064239828694,0.16606569192906606,0.1469974495710642
766,78358,2019,0.19271948608137046,0.1033609484955681,0.07799675399953626
519,78358,2020,0.20235546038543897,0.15565354682397137,0.12195687456526771
336,78358,2021,0.22055674518201288,0.1526970428421469,0.12691861813123112
152,78358,2022,0.26766595289079226,0.15033204084783958,0.11871087410155345
675,92046,2019,0.01177730192719486,0.25348022969993844,0.16679805239972173
464,92046,2020,0.017130620985010704,0.21657120984790457,0.15386042198006028
376,92046,2021,0.03104925053533191,0.25041910631896147,0.17941108277301182
54,92046,2022,0.03961456102783726,0.25490265114611066,0.18836076976582422
616,06079,2019,0.08137044967880086,0.28306941245644845,0.3130071875724553
582,06079,2020,0.069593147751606,0.33239293235601386,0.3730581961511709
216,06079,2021,0.07280513918629553,0.3982206654497956,0.4496638070948296
15,06079,2022,0.08993576017130622,0.37756286091806557,0.421840945977278
680,59378,2019,0.18843683083511778,0.2581574210110963,0.1607233943890563
533,59378,2020,0.18950749464668096,0.27937956672479414,0.14416879202411315
284,59378,2021,0.21092077087794434,0.26580872052989724,0.11940644562949221
58,59378,2022,0.25374732334047106,0.24453979787330893,0.14695107813586827
496,77284,2020,0.0021413276231263406,0.13441077901717124,0.1008115001159286
332,77284,2021,0.008565310492505356,0.12447445098706889,0.09255738465105495
153,77284,2022,0.010706638115631696,0.14821048014771454,0.1140273591467656
790,06083,2019,0.0417558886509636,0.0,0.015766287966612558
583,06083,2020,0.03747323340471092,0.0064366079372927265,0.03603060514722928
217,06083,2021,0.049250535331905786,0.09836034240722202,0.0703918386274055
176,06083,2022,0.044967880085653104,0.1273363951273515,0.13364247623463943
659,33281,2019,0.10064239828693791,0.15743962127777522,0.18386274055182006
547,33281,2020,0.1081370449678801,0.15427136360824256,0.16086250869464408
250,33281,2021,0.12205567451820129,0.21369367339332512,0.1981451425921632
113,33281,2022,0.13490364025695933,0.18676021384607566,0.18965916995131
701,57463,2019,0.08565310492505354,0.1555333351105218,0.14134013447716204
444,57463,2020,0.08351177730192721,0.17233279632061616,0.1533967076281011
276,57463,2021,0.08565310492505354,0.22908278462638043,0.20978437282633894
79,57463,2022,0.08886509635974305,0.2252048251674036,0.18168328309761184
746,92048,2019,0.33083511777301927,0.1366575812095513,0.09543241363320193
465,92048,2020,0.3511777301927195,0.14342464561435986,0.10410387201483884
377,92048,2021,0.38650963597430404,0.1373572234413848,0.09009969858567118
163,92048,2022,0.44539614561027835,0.1425067109823711,0.0905170415024345
603,06900,2019,0.600642398286938,0.8761049795313153,0.8566195223742175
587,06900,2020,0.6381156316916489,0.8928053540989428,0.8975654996522142
221,06900,2021,0.6884368308351179,1.0,1.0
778,82121,2019,0.020342612419700222,0.05400121418860371,0.06677486668212379
569,82121,2020,0.020342612419700222,0.06932946509811344,0.07920241131463018
343,82121,2021,0.027837259100642393,0.0722412040485696,0.07442615348945048
164,82121,2022,0.02890792291220557,0.14161644013381236,0.12422907488986784
236,26198,2021,0.0021413276231263406,0.1102512424811094,0.11078135868305122
119,26198,2022,0.010706638115631696,0.18379868008544598,0.18404822629260376
358,91421,2021,0.007494646680942185,0.24213656956008045,0.23649431949918848
34,91421,2022,0.01177730192719486,0.3066097832215634,0.2940876420125203
641,95428,2019,0.07173447537473235,0.24489439727909101,0.2087642012520287
515,95428,2020,0.07066381156316917,0.2616068433158515,0.26172038024576855
407,95428,2021,0.07601713062098503,0.28786681548105564,0.24289357755622537
49,95428,2022,0.09207708779443255,0.2693537086319556,0.21993971713424532
720,34172,2019,0.4164882226980728,0.13834808986605196,0.12877347553906793
565,34172,2020,0.4089935760171306,0.22965265856503436,0.15571527938789703
258,34172,2021,0.4486081370449679,0.15907279045589406,0.13851147693021099
118,34172,2022,0.4603854389721627,0.1839118501085678,0.17686065383723626
777,93048,2019,0.038543897216274096,0.08887468255808517,0.06770229538604217
498,93048,2020,0.05460385438972163,0.06299395571480959,0.07609552515650359
390,93048,2021,0.06852248394004284,0.0871695875430486,0.0867145838163691
204,93048,2022,0.08886509635974305,0.06738595856770013,0.0767910966844424
650,92049,2019,0.13704496788008566,0.18200656989707575,0.1986088569441224
466,92049,2020,0.1573875802997859,0.15601820578736414,0.17992116856016693
378,92049,2021,0.18201284796573877,0.16758720001770488,0.18075585439369346
142,92049,2022,0.20877944325481798,0.16082063859077678,0.1736146533735219
83,06085,2022,0.2334047109207709,0.22229057132754482,0.21771388824484117
648,68224,2019,0.03533190578158458,0.20485936989948994,0.19972177138882447
441,68224,2020,0.032119914346895075,0.20953857312216984,0.1978205425457918
297,68224,2021,0.03533190578158458,0.22283328446064943,0.19513099930442845
60,68224,2022,0.0417558886509636,0.24387284920371066,0.2167864595409228
683,54395,2019,0.14239828693790152,0.24235536493811616,0.1582657083236726
443,54395,2020,0.14561027837259102,0.27222370041832666,0.2857407836772548
274,54395,2021,0.15524625267665954,0.28240296676473065,0.19169951309993044
40,54395,2022,0.1702355460385439,0.2886635324438337,0.19939717134245305
715,92050,2019,0.044967880085653104,0.13717363651498704,0.13322513331787617
467,92050,2020,0.05032119914346895,0.14400457911062448,0.13943890563412936
379,92050,2021,0.05246252676659529,0.12659852657659687,0.12441456063065148
130,92050,2022,0.06316916488222699,0.16823201766055929,0.15603987943426845
676,44109,2019,0.8468950749464669,0.1878008750809167,0.16531416647345232
570,44109,2020,0.9057815845824412,0.21732467071295603,0.18186876883839553
265,44109,2021,1.0,0.216395167589715,0.1777417111059587
755,11262,2019,0.0010706638115631703,0.06736583945247843,0.08782749826107117
558,11262,2020,0.0010706638115631703,0.0855399392100934,0.10248087178298165
223,11262,2021,0.010706638115631696,0.10324325167152126,0.12293067470438207
184,11262,2022,0.017130620985010704,0.11321981793206681,0.12413633201947599
735,30189,2019,0.16916488222698076,0.08641914454528032,0.10711801530257359
559,30189,2020,0.1670235546038544,0.11982844430450468,0.13554370507767216
242,30189,2021,0.1777301927194861,0.1573274572104143,0.15998145142592163
120,30189,2022,0.1991434689507495,0.18069379762886173,0.18599582657083236
635,79191,2019,0.0010706638115631703,0.2129397095503932,0.2198933456990494
543,79191,2020,0.0,0.21819431946841272,0.22402040343148621
340,79191,2021,0.003211991434689511,0.19025792202736314,0.18353814050544864
159,79191,2022,0.005353319057815845,0.14407751090330312,0.08852306978900998
712,94052,2019,0.27944325481798715,0.4873141433859164,0.13503361929051705
508,94052,2020,0.2815845824411135,0.5091252761977286,0.14319499188499885
400,94052,2021,0.28051391862955033,0.5594446923007669,0.1757941108277301
8,94052,2022,0.30728051391862954,0.5252592976718663,0.18840714120102015
665,93051,2019,0.008565310492505356,0.23160622465305847,0.17945745420820775
499,93051,2020,0.009635974304068519,0.263063970235781,0.22568977509853927
391,93051,2021,0.009635974304068519,0.2462091814588271,0.22327846046835148
51,93051,2022,0.0139186295503212,0.2606436406746141,0.2009274287039184
269,45232,2021,0.0,0.26024528219322496,0.24576860653837235
21,45232,2022,0.004282655246252674,0.3304252828873345,0.2956178993739856
653,45234,2019,0.10385438972162742,0.22501017272763402,0.19156039879434267
436,45234,2020,0.09635974304068523,0.25890937294250616,0.205147229306747
270,45234,2021,0.11027837259100642,0.22414052397217732,0.17959656851379546
75,45234,2022,0.13383297644539616,0.23055298897120402,0.1888244841177834
791,44114,2019,0.0,0.024072521362728083,0.010155344307906322
571,44114,2020,0.006423982869379015,0.029683239620171276,0.04794806399258056
266,44114,2021,0.01177730192719486,0.09468608898986453,0.095386042198006
194,44114,2022,0.023554603854389726,0.0990977079800962,0.09584975654996519
610,91477,2019,0.0,0.7049245055350203,0.42582888940412705
448,91477,2020,0.004282655246252674,0.6089030102723173,0.29204729886389985
359,91477,2021,0.014989293361884364,0.5519513278364557,0.22485508926501274
11,91477,2022,0.02676659528907923,0.4775875571320002,0.20788314398330626
709,75110,2019,0.5128479657387581,0.1677984507275324,0.13661024808717825
485,75110,2020,0.5802997858672377,0.15603681596894414,0.12664038952005563
319,75110,2021,0.6274089935760172,0.1735977856901788,0.13438441919777416
124,75110,2022,0.7098501070663812,0.17612524953990094,0.13897519128217017
697,75113,2019,0.9475374732334048,0.1626414185183379,0.14565267795038256
622,75118,2019,0.8008565310492506,0.3182280692841971,0.2639925805703686
493,75118,2020,0.8265524625267667,0.385021519908619,0.27665198237885463
327,75118,2021,0.8822269807280515,0.3461227195611619,0.26951078135868306
16,75118,2022,0.9603854389721629,0.35965282454773495,0.2859262694180385
693,75119,2019,0.44967880085653106,0.19792984363926636,0.149408764201252
494,75119,2020,0.4785867237687366,0.21430428854030292,0.15905402272200325
328,75119,2021,0.524625267665953,0.2224117889967553,0.15543705077672154
45,75119,2022,0.5813704496788009,0.27804617236347806,0.20918154416879203
613,75101,2019,0.4989293361884369,0.4642752415677017,0.36823556689079523
476,75101,2020,0.5224839400428266,0.4894316802629971,0.37291908184558314
310,75101,2021,0.5578158458244112,0.510176499968061,0.37857639693948525
9,75101,2022,0.576017130620985,0.502827993133346,0.4025504289357756
723,75120,2019,0.4475374732334047,0.13055394462917713,0.12404358914908414
495,75120,2020,0.49143468950749464,0.1620730535133258,0.14811036401576627
329,75120,2021,0.5406852248394005,0.19612566198176318,0.14041270577324366
108,75120,2022,0.5867237687366168,0.19314702697319486,0.14217482031068862
625,75102,2019,0.2698072805139186,0.26566285694454017,0.24057500579642938
477,75102,2020,0.2773019271948608,0.28196688494230104,0.2535126362160908
311,75102,2021,0.31370449678800855,0.26382749065844335,0.2389520055645722
25,75102,2022,0.3576017130620985,0.3220622696675669,0.264363552051936
617,75103,2019,0.7398286937901499,0.35131546319987483,0.3079063297009042
478,75103,2020,0.7783725910064241,0.36218230030897935,0.32608393229770455
312,75103,2021,0.8533190578158459,0.38659483471895373,0.313192673313239
14,75103,2022,0.8950749464668095,0.41256006184616034,0.356874565267795
612,75104,2019,0.8404710920770879,0.46725639146567255,0.3826107118015302
479,75104,2020,0.879014989293362,0.4652183250937175,0.35386042198006024
313,75104,2021,0.9346895074946467,0.4931693088933028,0.4002318571759796
10,75104,2022,0.966809421841542,0.502195749937505,0.3961511708787387
784,64445,2019,0.05246252676659529,0.0181434181069019,0.038952005564572234
556,64445,2020,0.06531049250535331,0.03165642184553652,0.05110132158590308
293,64445,2021,0.062098501070663815,0.09025435088441125,0.08161372594481797
175,64445,2022,0.07066381156316917,0.12743849963710152,0.09955947136563875
698,66136,2019,0.0877944325481799,0.13258245442140193,0.14565267795038256
567,66136,2020,0.08244111349036404,0.1530964072792972,0.1565035937862277
294,66136,2021,0.08565310492505354,0.1843554765992056,0.17815905402272197
114,66136,2022,0.0910064239828694,0.18642925440067926,0.18219336888476695
782,33318,2019,0.062098501070663815,0.05172674821279388,0.04182703454671921
548,33318,2020,0.07173447537473235,0.12374815092756652,0.07493623927660559
251,33318,2021,0.07494646680942185,0.18367142668166891,0.1318339902619986
105,33318,2022,0.08672376873661672,0.19953937285699996,0.146533735219105
769,86194,2019,0.04603854389721628,0.068733939287552,0.07665198237885462
557,86194,2020,0.03961456102783726,0.09444415662932404,0.0945977277996754
354,86194,2021,0.051391862955032126,0.07800180971441428,0.0837931833990262
198,86194,2022,0.055674518201284794,0.09350509692635256,0.09348481335497333
699,92062,2019,0.07494646680942185,0.1419539382916558,0.1438905634129376
470,92062,2020,0.08886509635974305,0.1451689729040787,0.13985624855089263
382,92062,2021,0.09850107066381159,0.14846901077831298,0.1395316485045212
101,92062,2022,0.11670235546038546,0.2029913100511579,0.19072571296081614
56,29232,2022,0.0021413276231263406,0.2520487546519167,0.23092974727567817
737,78517,2019,0.03533190578158458,0.1061796365381239,0.10656155808022255
520,78517,2020,0.03104925053533191,0.13709567494350317,0.13559007651286803
337,78517,2021,0.03319057815845825,0.138635793213722,0.11263621609088798
161,78517,2022,0.042826552462526764,0.14320031747963824,0.12144678877811266
714,51454,2019,0.2055674518201285,0.15739586220216795,0.1332715047530721
442,51454,2020,0.21734475374732334,0.12610762016518795,0.11388824484117782
272,51454,2021,0.22162740899357605,0.16326309917868753,0.14296313470901922
115,51454,2022,0.2580299785867238,0.18628942654988856,0.15891490841641548
627,35238,2019,0.4710920770877945,0.282371782136137,0.2398330628332947
431,35238,2020,0.49571734475374735,0.303978202950569,0.25708323672617667
260,35238,2021,0.5578158458244112,0.3164414918525128,0.25703686529098074
23,35238,2022,0.6423982869379016,0.32739886498011483,0.2676559239508463
704,76540,2019,0.1145610278372591,0.13541271095521046,0.13962439137491306
540,76540,2020,0.1081370449678801,0.15747130888424932,0.1525620217945745
331,76540,2021,0.12312633832976447,0.1690121363532796,0.15548342221191747
140,76540,2022,0.1563169164882227,0.16262331131463836,0.13568281938325988
727,92063,2019,0.6370449678800857,0.1572525135062136,0.1208439601205657
471,92063,2020,0.6584582441113491,0.1571433673061361,0.11569673081381865
383,92063,2021,0.7312633832976446,0.18145782102940455,0.13011824715974957
98,92063,2022,0.8104925053533192,0.20702368371946112,0.14134013447716204
637,92064,2019,0.607066381156317,0.28290544166739184,0.21748203106886155
472,92064,2020,0.6145610278372592,0.2960034886545796,0.22731277533039645
384,92064,2021,0.6509635974304069,0.29264510534620214,0.2307906329700904
33,92064,2022,0.7055674518201286,0.3077917812408365,0.244238349176907
628,97411,2019,0.2569593147751606,0.24728656007894745,0.23686529098075582
523,97411,2020,0.25910064239828695,0.27700400219499544,0.25703686529098074
409,97411,2021,0.2580299785867238,0.32974223892555876,0.2783677254811036
31,97411,2022,0.2762312633832976,0.30971567163390856,0.252306978900997
789,42218,2019,0.034261241970021415,0.03130484030703784,0.02555066079295154
417,42218,2020,0.02890792291220557,0.027815179771839227,0.029955947136563854
264,42218,2021,0.02890792291220557,0.10485328386713533,0.09891027127289587
190,42218,2022,0.027837259100642393,0.10290575351367781,0.09135172733596103
670,06123,2019,0.038543897216274096,0.17908577734476971,0.17138882448411774
585,06123,2020,0.03319057815845825,0.15455051633194328,0.13419893345699047
219,06123,2021,0.03533190578158458,0.2143636399302068,0.1806167400881057
53,06123,2022,0.038543897216274096,0.2561862506972531,0.22471597495942497
632,35288,2019,0.10385438972162742,0.21484348082824367,0.22504057500579644
432,35288,2020,0.13276231263383298,0.18783708948831557,0.1849292835613262
261,35288,2021,0.1563169164882227,0.19379989226213812,0.19174588453512637
90,35288,2022,0.20021413276231267,0.21506227620627938,0.20723394389056338
620,94067,2019,0.3747323340471092,0.31888244350678197,0.2849988407141201
510,94067,2020,0.39400428265524623,0.33323692923956283,0.250544864363552
402,94067,2021,0.41220556745182013,0.3186153622522142,0.2610711801530257
32,94067,2022,0.43254817987152033,0.3093062476391476,0.24906097843728264
667,94068,2019,0.6755888650963598,0.18877061643460114,0.1762578251796893
511,94068,2020,0.6605995717344755,0.18839288004631427,0.16396939485277068
403,94068,2021,0.7419700214132763,0.19816272239795707,0.16865290980755854
94,94068,2022,0.8072805139186296,0.20933738196995322,0.17635056805008115
673,97415,2019,0.13169164882226983,0.16505973616798253,0.16707628101089728
524,97415,2020,0.13276231263383298,0.15672991948833082,0.16132622304660327
410,97415,2021,0.14453961456102785,0.1882253884120938,0.1880361697194528
112,97415,2022,0.16809421841541758,0.18748450199405575,0.18873174124739162
615,97416,2019,0.06102783725910065,0.33346578417520945,0.31379550197078593
525,97416,2020,0.06423982869379016,0.2781618572760026,0.2569441224205889
411,97416,2021,0.06852248394004284,0.30393846769800603,0.2723394389056341
46,97416,2022,0.07280513918629553,0.2767877217063627,0.24433109204729886
729,69204,2019,0.012847965738758037,0.12754915477082063,0.11713424530489219
423,69204,2020,0.012847965738758037,0.1500684804384359,0.10011592858798979
302,69204,2021,0.01820128479657388,0.1805313357734467,0.1176443310920473
126,69204,2022,0.02890792291220557,0.17384625676316634,0.13053559007651283
721,78551,2019,0.49571734475374735,0.18289231394470973,0.12696498956642704
521,78551,2020,0.600642398286938,0.17624093445242572,0.11439833062833293
338,78551,2021,0.6423982869379016,0.19130311006312872,0.12390447484349637
97,78551,2022,0.6820128479657388,0.2077967607218537,0.1438905634129376
707,33449,2019,0.0010706638115631703,0.13704386822180725,0.1383723626246232
549,33449,2020,0.0010706638115631703,0.16753438734024806,0.1313239044748435
252,33449,2021,0.0,0.21044141841774222,0.15724553674936237
95,33449,2022,0.007494646680942185,0.20917944691546297,0.19244145606306512
688,83118,2019,0.2569593147751606,0.1605973164118163,0.15501970785995822
598,83118,2020,0.26873661670235544,0.18047148140566238,0.17904011129144448
347,83118,2021,0.29336188436830835,0.17386084312170202,0.15951773707396244
145,83118,2022,0.3329764453961456,0.15775448543099435,0.1460236494319499
705,13103,2019,0.005353319057815845,0.09240860514677152,0.13962439137491306
593,13103,2020,0.006423982869379015,0.15335493790989563,0.1289125898446557
229,13103,2021,0.0139186295503212,0.193559468835239,0.15956410850915836
99,13103,2022,0.01820128479657388,0.2065559142905572,0.19299791328541616
100,92071,2022,0.37687366167023556,0.2047879470404531,0.1611871087410155
761,34301,2019,0.047109207708779445,0.0782377063403884,0.08393229770461397
566,34301,2020,0.05246252676659529,0.09194284762938965,0.10410387201483884
259,34301,2021,0.049250535331905786,0.11024269185714031,0.11875724553674932
178,34301,2022,0.069593147751606,0.12190373103962016,0.12144678877811266
751,92072,2019,0.21520342612419704,0.10413503145372183,0.0893577556225365
473,92072,2020,0.22483940042826553,0.13024159536536073,0.10785995826570832
385,92072,2021,0.2644539614561028,0.11841859730534632,0.0984929283561326
149,92072,2022,0.3019271948608137,0.15173233126726793,0.12817064688152097
739,83129,2019,0.06102783725910065,0.1157452698702669,0.1054950150707164
600,83129,2020,0.059957173447537475,0.1329732682345829,0.12538836076976578
349,83129,2021,0.07387580299785867,0.1277900811756002,0.11736610248087176
170,83129,2022,0.09207708779443255,0.13452445201817353,0.12098307442615347
408,95555,2021,0.0010706638115631703,0.13520649002418816,0.13382796197542313
195,95555,2022,0.009635974304068519,0.0971813622552321,0.09204729886389984
267,44184,2021,0.01177730192719486,0.16494203934393592,0.15233016461859494
78,44184,2022,0.021413276231263385,0.22690539338151539,0.1756086250869464
691,69202,2019,0.12847965738758033,0.18949188671529804,0.15325759332251332
422,69202,2020,0.12740899357601715,0.22782533992502618,0.18664502666357524
301,69202,2021,0.14775160599571735,0.21111289388826548,0.16540690934384417
67,69202,2022,0.1702355460385439,0.23879931132268595,0.20310688615812655
649,67482,2019,0.6381156316916489,0.244685661458666,0.1994899142128449
439,67482,2020,0.6466809421841543,0.28493294550385573,0.21813123116160443
295,67482,2021,0.7066381156316918,0.27333427557856294,0.2081613725944818
36,67482,2022,0.771948608137045,0.29949566407918093,0.22174820310688614
774,94071,2019,0.009635974304068519,0.06109169337060072,0.07076281010897284
512,94071,2020,0.009635974304068519,0.10570432244101202,0.10308370044052861
404,94071,2021,0.01605995717344754,0.09918321421978826,0.08448875492696495
172,94071,2022,0.023554603854389726,0.13389120286657163,0.12116856016693717
770,92073,2019,0.20877944325481798,0.09925815792398895,0.07558543936934847
474,92073,2020,0.2259100642398287,0.1014083883633049,0.0766056109436587
386,92073,2021,0.2558886509635974,0.11304176376235497,0.0922791560398794
168,92073,2022,0.29336188436830835,0.13656151243436765,0.10721075817296544
711,33522,2019,0.034261241970021415,0.12478579429512437,0.13563644794806395
550,33522,2020,0.03961456102783726,0.17642603031246507,0.1494551356364479
253,33522,2021,0.04817987152034261,0.16142672693682958,0.15543705077672154
104,33522,2022,0.059957173447537475,0.1998366327844,0.19559471365638764
682,97422,2019,0.044967880085653104,0.15740692771554,0.15831207975886852
526,97422,2020,0.044967880085653104,0.15616356639484075,0.15724553674936237
412,97422,2021,0.05246252676659529,0.14212142992587629,0.13169487595641083
30,97422,2022,0.047109207708779445,0.3108181991480562,0.29204729886389985
726,69244,2019,0.06316916488222699,0.14658887946084798,0.12167864595409228
424,69244,2020,0.06102783725910065,0.1602673629221808,0.11662415951773708
303,69244,2021,0.08029978586723771,0.18031656421845532,0.14328773475539064
123,69244,2022,0.09743040685224841,0.18001075366708597,0.14509622072803152
775,57672,2019,0.012847965738758037,0.051504431989594424,0.07067006723858099
445,57672,2020,0.009635974304068519,0.09435512954446812,0.10591235798747972
277,57672,2021,0.01177730192719486,0.10139883178357467,0.10966844423834915
70,57672,2022,0.017130620985010704,0.23245474833753244,0.249385578483654
703,74281,2019,0.03961456102783726,0.14055666573951087,0.1403199629028518
415,74281,2020,0.0417558886509636,0.1546682131559901,0.15789473684210525
309,74281,2021,0.04603854389721628,0.17570828087693202,0.17329005332715047
154,74281,2022,0.05460385438972163,0.14800476219457293,0.1474611639230234
677,83137,2019,0.2055674518201285,0.15029381452891843,0.16183630883375838
601,83137,2020,0.20342612419700215,0.18487857359496906,0.1894736842105263
350,83137,2021,0.2119914346895075,0.1673347051216728,0.15098539299791325
111,83137,2022,0.22055674518201288,0.18883499760331046,0.16025968003709712
684,31557,2019,0.010706638115631696,0.19163306355276422,0.15706005100857873
561,31557,2020,0.008565310492505356,0.1519601802471534,0.13470901924414558
244,31557,2021,0.01605995717344754,0.23114449095872114,0.16800370971481565
65,31557,2022,0.02248394004282655,0.24147817151445128,0.20537908648272662
738,37261,2019,0.13383297644539616,0.11870277980785249,0.10581961511708787
435,37261,2020,0.13918629550321202,0.13771333178080825,0.12121493160213304
262,37261,2021,0.16274089935760172,0.1485927433369264,0.13062833294690468
173,37261,2022,0.19379014989293364,0.1326765112850633,0.11736610248087176
222,10387,2021,0.0010706638115631703,0.3538172751776897,0.34551356364479474
18,10387,2022,0.003211991434689511,0.34618156797318533,0.35033619290517043
634,26362,2019,0.010706638115631696,0.31490740931686056,0.223000231857176
413,26362,2020,0.010706638115631696,0.28783915169762586,0.17347553906793411
237,26362,2021,0.01820128479657388,0.3159043114760943,0.1999536285648041
20,26362,2022,0.02676659528907923,0.3413167659125854,0.2415951773707396
733,06155,2019,0.1252676659528908,0.11711990841778752,0.11347090192441456
586,06155,2020,0.12098501070663814,0.1441006478858079,0.13461627637375373
220,06155,2021,0.11349036402569596,0.21609941659595633,0.1571064224437746
106,06155,2022,0.11777301927194861,0.198792953682276,0.18516114073730583
763,56260,2019,0.10064239828693791,0.0726385565741976,0.08036169719452818
433,56260,2020,0.10064239828693791,0.1033725169868206,0.11444470206352886
275,56260,2021,0.1466809421841542,0.09492399752736069,0.1027591003941572
200,56260,2022,0.19271948608137046,0.07730065854893908,0.09561789937398563
747,92075,2019,0.1049250535331906,0.11046752296974238,0.09496869928124274
475,92075,2020,0.10385438972162742,0.09689818570848707,0.09413401344771621
387,92075,2021,0.10920770877944327,0.11936168083136212,0.10382564340366335
156,92075,2022,0.12740899357601715,0.14679962719279505,0.13698121956874565
736,44215,2019,0.0010706638115631703,0.09851626555019,0.1066543009506144
572,44215,2020,0.01177730192719486,0.09305694363478978,0.1136563876651982
268,44215,2021,0.021413276231263385,0.11021301616218826,0.08077904011129144
186,44215,2022,0.02890792291220557,0.10932526020303202,0.08657546951078132
147,94076,2022,0.003211991434689511,0.15491064849441127,0.15910039415719918
645,93077,2019,0.004282655246252674,0.2051737310748286,0.2045444006492001
500,93077,2020,0.0021413276231263406,0.2773500509768082,0.2571296081613726
392,93077,2021,0.0021413276231263406,0.23747346162957805,0.20078831439833061
743,59009,2019,0.055674518201284794,0.12850380678808893,0.10243450034778573
527,59009,2020,0.062098501070663815,0.26127085409164963,0.07220032460004633
278,59009,2021,0.07280513918629553,0.05573950574375597,0.0
203,59009,2022,0.0910064239828694,0.06865547473818745,0.031254347322049625
767,69266,2019,0.023554603854389726,0.07007940511800115,0.07762578251796892
425,69266,2020,0.04068522483940044,0.10790786853566547,0.10229538604219801
304,69266,2021,0.04817987152034261,0.12276784703839094,0.10173892881984697
89,69266,2022,0.04068522483940044,0.2154505751300576,0.1688847669835381
732,94080,2019,0.40471092077087795,0.14443915199941249,0.11347090192441456
513,94080,2020,0.42291220556745185,0.1621535299742124,0.13062833294690468
405,94080,2021,0.4486081370449679,0.16034884533882854,0.11912821701831672
134,94080,2022,0.5042826552462527,0.16615421603604152,0.12436818919545556
722,94081,2019,0.005353319057815845,0.11457232545284357,0.12534198933456991
514,94081,2020,0.0021413276231263406,0.13434991869362556,0.14838859262694176
406,94081,2021,0.0,0.14027047132548265,0.15279387897055413
143,94081,2022,0.0021413276231263406,0.15847474975593012,0.1750985392997913
646,59646,2019,0.02462526766595289,0.2182868673984325,0.20398794342684906
534,59646,2020,0.021413276231263385,0.1465682573677457,0.09877115696730815
285,59646,2021,0.025695931477516067,0.1446393371958682,0.10006955715279386
146,59646,2022,0.038543897216274096,0.1573088470288343,0.12548110364015763
